{
    "loss": 0.06458859145641327,
    "accuracy": 0.9568345546722412
}